{
  "$schema": "https://schema.management.azure.com/schemas/2019-04-01/deploymentTemplate.json#",
  "contentVersion": "1.0.0.0",
  "parameters": {
    "prefix": {
      "type": "string",
      "defaultValue": "[concat('a', substring(uniqueString(resourceGroup().id), 0, 6))]"
    }
  },
  "variables": {
    "webapp": {
      "name": "[concat(parameters('prefix'),'webapp')]",
      "serverfarm": {
        "name": "[concat(parameters('prefix'), 'sf')]"
      },
      "zipurl": "https://zarmada.blob.core.windows.net/agad-shared/webapp.zip?sp=r&st=2020-11-19T22:32:09Z&se=2050-11-20T06:32:09Z&spr=https&sv=2019-12-12&sr=b&sig=aDFDhfgIaokAZp0WePDo%2BrX1YtF%2B4oJqEhiK3zjaJqk%3D"
    }
  },
  "resources": [
    {
      "type": "Microsoft.Web/serverfarms",
      "apiVersion": "2018-02-01",
      "name": "[variables('webapp').serverfarm.name]",
      "location": "[resourceGroup().location]",
      "dependsOn": [],
      "sku": {
          "name": "B1",
          "tier": "Basic",
          "size": "B1",
          "family": "B",
          "capacity": 1
      },
      "kind": "app",
      "properties": {
        "perSiteScaling": false,
        "maximumElasticWorkerCount": 1,
        "isSpot": false,
        "reserved": false,
        "isXenon": false,
        "hyperV": false,
        "targetWorkerCount": 0,
        "targetWorkerSizeId": 0
      }
    },
    {
      "type": "Microsoft.Web/sites",
      "apiVersion": "2018-11-01",
      "name": "[variables('webapp').name]",
      "location": "[resourceGroup().location]",
      "kind": "app",
      "dependsOn": [
        "[concat('Microsoft.Web/serverfarms/', variables('webapp').serverfarm.name)]"
      ],
      "properties": {
        "enabled": true,
        "hostNameSslStates": [
          {
            "name": "[concat(variables('webapp').name, '.azurewebsites.net')]",
            "sslState": "Disabled",
            "hostType": "Standard"
          },
          {
            "name": "[concat(variables('webapp').name, '.scm.azurewebsites.net')]",
            "sslState": "Disabled",
            "hostType": "Repository"
          }
        ],
        "serverFarmId": "[resourceId('Microsoft.Web/serverfarms', variables('webapp').serverfarm.name)]",
        "reserved": false,
        "isXenon": false,
        "hyperV": false,
        "siteConfig": {
          "appSettings": [
          ]
        },
        "scmSiteAlsoStopped": false,
        "clientAffinityEnabled": true,
        "clientCertEnabled": false,
        "hostNamesDisabled": false,
        "containerSize": 0,
        "dailyMemoryTimeQuota": 0,
        "httpsOnly": false,
        "redundancyMode": "None"
      },
      "resources": [{
        "name": "MSDeploy",
        "type": "extensions",
        "location": "[resourceGroup().location]",
        "apiVersion": "2015-08-01",
        "dependsOn": [
          "[concat('Microsoft.Web/sites/', variables('webapp').name)]"
        ],
        "tags": {
          "displayName": "webDeploy"
        },
        "properties": {
          "packageUri": "[variables('webapp').zipurl]",
          "dbType": "None",
          "connectionString": ""
        }
      }]
    },
    {
      "type": "Microsoft.Web/sites/config",
      "apiVersion": "2018-11-01",
      "name": "[concat(variables('webapp').name, '/web')]",
      "location": "[resourceGroup().location]",
      "dependsOn": [
        "[resourceId('Microsoft.Web/sites', variables('webapp').name)]"
      ],
      "properties": {
        "numberOfWorkers": 1,
        "defaultDocuments": [
          "Default.htm",
          "Default.html",
          "Default.asp",
          "index.htm",
          "index.html",
          "iisstart.htm",
          "default.aspx",
          "index.php",
          "hostingstart.html"
        ],
        "netFrameworkVersion": "v4.0",
        "phpVersion": "5.6",
        "requestTracingEnabled": false,
        "remoteDebuggingEnabled": false,
        "remoteDebuggingVersion": "VS2019",
        "httpLoggingEnabled": false,
        "logsDirectorySizeLimit": 35,
        "detailedErrorLoggingEnabled": false,
        "publishingUsername": "[concat('$', variables('webapp').name)]",
        "azureStorageAccounts": {},
        "scmType": "None",
        "use32BitWorkerProcess": true,
        "webSocketsEnabled": false,
        "alwaysOn": false,
        "managedPipelineMode": "Integrated",
        "virtualApplications": [
          {
            "virtualPath": "/",
            "physicalPath": "site\\wwwroot",
            "preloadEnabled": false
          }
        ],
        "loadBalancing": "LeastRequests",
        "experiments": {
          "rampUpRules": []
        },
        "autoHealEnabled": false,
        "localMySqlEnabled": false,
        "ipSecurityRestrictions": [
          {
            "ipAddress": "Any",
            "action": "Allow",
            "priority": 1,
            "name": "Allow all",
            "description": "Allow all access"
          }
        ],
        "scmIpSecurityRestrictions": [
          {
            "ipAddress": "Any",
            "action": "Allow",
            "priority": 1,
            "name": "Allow all",
            "description": "Allow all access"
          }
        ],
        "scmIpSecurityRestrictionsUseMain": false,
        "http20Enabled": false,
        "minTlsVersion": "1.2",
        "ftpsState": "AllAllowed",
        "reservedInstanceCount": 0
      }
    },
    {
      "type": "Microsoft.Web/sites/hostNameBindings",
      "apiVersion": "2018-11-01",
      "name": "[concat(variables('webapp').name, '/', variables('webapp').name, '.azurewebsites.net')]",
      "location": "West US 2",
      "dependsOn": [
        "[resourceId('Microsoft.Web/sites', variables('webapp').name)]"
      ],
      "properties": {
        "siteName": "[variables('webapp').name]",
        "hostNameType": "Verified"
      }
    }
  ]
}
